Year,AO_JF,AO_MA,EP-NP_JF,EP-NP_MA,PNA_JF,PNA_MA,SOI_JF,SOI_MA,Nino1+2_JF,Nino1+2_MA,Nino3_JF,Nino3_MA,Nino3.4_JF,Nino3.4_MA,Nino4_JF,Nino4_MA,ONI_JF,ONI_MA,PDO_JF,PDO_MA,NAO_JF,NAO_MA,EA_JF,EA_MA,WP_JF,WP_MA,EA-WR_JF,EA-WR_MA,SCA_JF,SCA_MA,POL_JF,POL_MA,Bering_anomaly_JF,Bering_anomaly_MA,Chukchi_anomaly_JF,Chukchi_anomaly_MA
1980,-1.500,-0.926,0.695,-0.300,0.510,0.510,0.600,-0.850,-0.335,-0.005,0.205,-0.190,0.380,-0.020,0.365,0.165,0.525,0.360,0.320,0.700,-0.885,0.265,-0.605,-0.905,-1.105,0.905,0.005,-0.560,0.630,0.945,0.035,-0.400,0.095,0.065,0.000,0.000
1981,-0.224,-0.608,0.495,-0.080,1.335,0.020,0.150,-1.150,-1.335,-0.640,-0.795,-0.555,-0.500,-0.585,-0.150,-0.345,-0.380,-0.420,1.210,1.145,0.260,-0.700,-1.735,0.040,-0.560,0.285,-0.510,1.135,-0.080,-1.105,1.040,-0.800,0.065,-0.045,0.000,0.000
1982,0.045,1.264,1.135,-0.285,-1.475,-1.870,1.200,0.550,-0.525,-1.050,0.100,-0.055,-0.020,0.170,-0.105,0.200,0.010,0.330,-0.040,-0.535,-0.345,0.380,-0.155,-0.720,-0.770,0.160,0.810,0.230,-0.020,-0.425,0.420,0.100,-0.080,-0.055,0.000,0.000
1983,-0.224,-0.652,-0.310,-0.530,1.155,1.505,-5.900,-2.750,2.340,2.775,2.650,1.615,2.145,1.165,0.360,0.135,2.050,1.415,0.685,1.495,0.150,-0.240,-0.230,0.475,-0.470,-0.025,0.890,-0.940,-0.430,0.360,0.195,-0.365,0.065,0.045,0.000,0.000
1984,0.301,-1.335,-1.190,-0.360,0.665,1.245,0.850,0.100,-0.635,-0.550,-0.365,-0.360,-0.430,-0.600,-0.775,-0.865,-0.510,-0.385,1.325,1.280,0.895,-0.620,-0.325,-0.650,-1.000,-0.975,-1.920,-0.750,0.425,1.485,-0.330,1.010,-0.015,0.150,-0.005,0.000
1985,-2.123,0.602,-0.705,-1.155,0.225,-1.230,0.750,1.600,-1.080,-1.130,-1.080,-0.915,-0.940,-0.985,-0.675,-1.075,-0.945,-0.775,0.675,-0.430,-1.690,0.005,-0.460,-0.130,-0.865,0.640,0.020,0.330,0.105,0.095,-0.835,0.550,-0.185,0.090,0.000,0.005
1986,-1.736,1.017,0.675,-0.745,0.505,0.180,-0.050,0.650,-0.050,-0.790,-0.665,-0.375,-0.685,-0.375,-0.240,-0.250,-0.480,-0.255,1.255,1.445,-0.400,0.300,-0.685,0.215,-1.165,-0.560,-0.590,-0.135,0.550,0.770,0.770,1.210,-0.055,0.040,0.005,0.000
1987,-1.310,-0.680,-0.615,0.025,0.600,1.195,-1.600,-2.200,0.980,1.500,1.080,0.885,1.135,0.780,0.400,0.275,1.210,1.005,1.465,1.365,-1.560,0.885,0.420,-0.385,0.970,0.350,0.395,1.165,-0.170,0.845,0.185,-0.450,-0.005,-0.005,0.000,0.000
1988,-0.401,-0.379,0.500,-0.185,0.700,0.750,-0.400,0.650,-0.145,-0.820,0.335,-0.400,0.590,-0.170,0.550,-0.110,0.675,-0.085,0.350,0.415,0.550,-1.000,0.080,0.295,1.065,0.165,-1.265,-0.920,0.660,-0.235,-0.205,0.850,-0.070,0.120,-0.020,0.005
1989,3.192,0.640,0.265,0.945,-1.640,-1.165,2.250,2.250,-0.180,-0.120,-1.200,-0.935,-1.720,-1.145,-1.625,-1.085,-1.560,-0.955,-1.345,-0.780,1.335,0.850,0.460,0.250,0.895,-1.130,0.455,-0.695,-0.725,0.670,1.115,0.185,-0.035,-0.205,-0.005,-0.015
1990,2.202,2.434,-1.220,0.875,-1.935,-0.290,-1.550,-0.200,-0.320,-0.480,-0.140,-0.190,0.110,0.060,0.270,0.215,0.175,0.285,-0.850,-0.695,0.930,1.580,0.870,0.320,0.805,-0.485,0.020,-0.570,-0.760,-1.345,-1.415,0.895,0.095,0.085,0.005,0.005
1991,-0.077,0.002,-0.070,-0.260,0.665,-0.415,0.700,-1.050,-0.460,-0.255,0.065,-0.105,0.405,0.110,0.560,0.340,0.335,0.240,-1.445,-1.370,0.615,-0.220,0.535,-0.080,-1.040,1.265,0.130,-0.490,0.860,0.030,-0.030,0.890,0.115,0.095,0.000,0.005
1992,0.836,0.232,0.265,1.370,0.540,0.085,-3.100,-2.500,0.540,1.715,1.320,1.110,1.810,1.290,0.755,0.550,1.670,1.385,0.125,0.335,0.055,1.195,-0.365,-0.020,-0.230,0.250,1.705,0.035,-0.025,0.365,0.780,-0.395,0.065,0.135,0.000,0.005
1993,1.840,0.165,0.735,0.460,-0.520,1.100,-1.350,-1.350,0.145,0.925,0.140,0.620,0.275,0.490,0.160,0.045,0.195,0.585,-0.130,0.620,0.735,0.605,-0.595,-0.555,0.010,-1.075,1.235,0.410,-0.615,0.245,1.195,0.995,0.010,-0.010,0.000,0.000
1994,-0.575,1.053,1.425,-0.040,-1.035,-0.235,0.100,-1.600,-0.210,-1.140,0.060,-0.365,0.080,0.185,0.025,0.080,0.065,0.240,0.590,0.380,0.390,1.010,0.415,0.375,-0.345,-0.180,-0.035,-1.295,0.505,-0.160,-0.590,-0.245,-0.040,0.120,0.000,0.000
1995,0.638,-0.285,0.540,0.870,0.440,0.035,-0.450,0.050,0.415,-1.020,0.610,-0.215,0.875,0.370,0.715,0.615,0.840,0.415,-0.420,0.475,0.710,-0.080,0.560,-2.085,-1.115,-0.160,-0.855,-0.310,-1.085,-0.650,0.085,-0.800,0.175,0.125,0.000,0.000
1996,-0.518,-1.504,0.265,1.240,-0.690,-0.120,1.000,1.600,-0.545,-1.125,-0.740,-0.680,-0.860,-0.540,-0.495,-0.430,-0.825,-0.490,1.010,1.110,-0.585,-0.495,-0.825,-0.670,-0.425,-1.210,-0.880,-0.255,1.320,1.695,1.345,-0.160,-0.070,-0.185,0.000,0.000
1997,0.716,0.708,0.095,0.820,0.305,-0.635,1.850,-0.850,-0.560,0.725,-0.785,-0.235,-0.450,-0.045,0.100,0.415,-0.430,0.090,0.365,0.560,0.200,-0.060,0.465,-0.820,-1.275,-0.600,1.145,0.485,-0.400,-1.885,0.940,-0.305,-0.015,0.005,0.000,0.000
1998,-1.132,-0.146,0.145,0.410,0.595,0.770,-3.900,-3.200,3.095,2.710,2.785,1.780,2.205,1.060,0.615,0.115,2.085,1.215,1.285,0.660,-0.310,-0.185,0.735,1.440,0.365,1.680,1.635,-0.280,0.015,0.245,-0.565,-0.010,0.195,0.030,0.005,0.005
1999,0.296,-0.604,-1.005,-0.650,-0.450,0.215,2.300,2.200,-0.660,-0.470,-1.065,-0.695,-1.505,-1.030,-1.660,-1.280,-1.425,-1.025,-0.920,-1.515,0.140,-0.670,-0.955,-0.500,0.795,1.245,-0.730,0.905,-0.860,0.715,-0.180,-0.530,0.090,0.200,0.005,0.010
2000,1.173,-0.365,-0.735,-0.160,-0.250,0.185,1.900,2.100,-0.690,-0.255,-1.400,-0.335,-1.660,-0.925,-1.400,-1.430,-1.535,-0.940,-1.740,-0.645,0.835,0.110,-0.780,-0.175,-0.310,-0.645,0.375,-1.040,-1.090,-0.290,-0.865,-0.905,0.175,0.045,0.010,0.005
2001,-0.790,-0.391,-0.320,-0.550,0.390,-0.155,2.200,0.900,-0.555,0.175,-0.350,-0.065,-0.680,-0.485,-0.855,-0.650,-0.600,-0.390,0.235,-0.795,-0.075,-0.940,0.570,0.940,0.995,0.025,-0.365,-0.470,0.690,-0.525,-0.915,0.330,-0.155,-0.070,0.000,0.000
2002,1.343,0.825,-0.500,1.220,-0.405,-1.980,1.250,-0.250,-0.425,0.795,-0.365,0.070,-0.095,0.015,0.430,0.330,-0.060,0.145,-0.965,-1.250,0.400,0.730,1.555,0.220,0.415,0.470,0.070,0.005,-1.155,0.275,0.260,-0.060,0.190,-0.090,0.005,0.000
2003,-0.172,0.378,1.505,0.450,0.845,-0.230,-0.700,-0.350,0.005,-0.315,0.505,-0.125,0.620,0.110,0.630,0.465,0.775,0.170,1.340,0.685,-0.030,-0.205,0.510,0.210,0.015,0.285,0.240,0.775,0.520,0.270,1.165,0.905,-0.080,-0.115,0.000,0.000
2004,-1.607,-0.045,0.080,-0.025,0.500,0.125,-0.100,-0.400,-0.140,-0.655,0.360,0.030,0.250,0.095,0.405,0.095,0.340,0.200,-0.380,-0.075,-0.725,0.890,-0.065,0.435,-0.490,0.310,0.140,0.885,-0.195,1.080,-0.715,-1.430,-0.090,-0.065,-0.005,0.000
2005,-0.457,-0.697,0.220,0.560,-0.365,0.780,-2.300,-0.250,-0.480,-0.940,0.115,-0.060,0.510,0.355,0.775,0.515,0.610,0.440,-0.080,0.490,0.375,-1.395,-1.865,1.245,-0.295,-0.200,-0.285,0.190,0.190,-0.260,-0.845,0.590,-0.115,-0.030,0.005,0.005
2006,-0.164,-0.733,-0.250,-0.685,-0.270,-0.180,1.450,2.350,-0.075,-0.895,-0.580,-0.485,-0.790,-0.515,-0.585,-0.465,-0.810,-0.470,0.460,-0.640,-0.025,-0.275,-0.810,0.195,1.385,0.525,0.105,0.330,1.115,-0.385,-0.660,-1.250,0.115,0.010,0.005,0.005
2007,0.363,0.863,-0.105,-0.730,-0.075,0.425,-0.700,0.050,0.385,-0.930,0.475,-0.515,0.415,-0.250,0.555,0.220,0.440,-0.220,-0.700,-0.780,-0.615,0.575,1.595,-0.510,0.980,-1.335,0.370,0.755,-0.895,-0.395,-0.665,-0.120,-0.025,0.035,0.005,0.000
2008,0.878,0.065,-0.825,-1.060,-0.345,-0.895,3.650,1.750,-0.130,0.400,-1.350,-0.605,-1.675,-1.100,-1.515,-1.255,-1.580,-1.150,-1.480,-1.525,0.455,-0.815,0.060,0.520,0.465,-0.535,-0.260,-0.425,0.125,-0.790,-0.045,-0.310,0.075,0.250,0.000,0.000
2009,0.064,0.547,0.070,-0.315,-0.720,-0.665,2.450,1.000,-0.425,-0.200,-0.540,-0.440,-0.840,-0.520,-0.900,-0.420,-0.820,-0.470,-1.795,-2.145,-0.450,-0.085,0.205,-0.540,0.860,0.120,-1.250,0.720,0.295,-0.315,0.245,0.395,0.160,0.180,0.010,0.005
2010,-3.426,-0.354,-0.545,-1.420,0.720,1.470,-2.100,0.450,0.200,-0.020,0.975,0.410,1.385,0.640,1.000,0.625,1.360,0.595,0.150,-0.100,-2.245,-1.130,0.815,0.660,0.350,1.355,-0.785,0.205,1.135,-0.365,-0.860,-0.780,0.110,0.200,0.000,0.000
2011,-0.054,1.849,-0.270,-0.330,-0.705,-0.700,4.150,3.650,-0.320,-0.535,-1.015,-0.530,-1.325,-0.850,-1.225,-0.775,-1.305,-0.830,-1.630,-1.150,-0.590,1.395,-0.450,-0.680,-0.750,-1.015,0.100,0.655,0.030,-0.690,-0.140,0.310,-0.015,-0.040,0.000,0.000
2012,-0.128,0.501,-1.125,-1.140,0.415,-0.140,1.300,0.400,0.090,0.530,-0.380,-0.100,-0.770,-0.555,-0.965,-0.680,-0.790,-0.530,-1.600,-1.335,0.445,0.650,-1.745,-0.460,-0.285,0.265,-0.550,-0.120,0.455,-0.700,-1.075,-1.195,0.220,0.365,0.010,0.005
2013,-0.808,-1.431,-0.380,0.970,0.175,-1.010,-0.250,1.450,-0.705,-0.950,-0.610,-0.240,-0.525,-0.250,-0.135,-0.320,-0.430,-0.320,-1.260,-1.100,-0.535,-0.745,0.510,0.535,0.780,-0.635,-0.410,0.955,0.540,-0.835,-0.760,-1.770,0.150,0.180,0.000,0.000
2014,-0.462,1.089,0.710,0.645,-0.490,-0.250,1.250,-0.100,-0.310,-0.170,-0.610,-0.130,-0.555,-0.100,-0.055,0.315,-0.440,-0.115,-0.495,0.330,0.450,0.315,1.800,0.720,-0.415,-0.895,-1.625,0.560,1.425,-0.565,-1.325,0.530,-0.100,-0.035,0.000,0.000
2015,1.067,1.526,1.225,0.390,0.315,-0.455,-0.500,-0.650,-0.345,0.545,0.200,0.365,0.465,0.585,0.810,0.940,0.510,0.615,1.515,1.115,1.310,0.880,0.535,1.040,-0.795,0.820,-0.580,0.695,-0.275,-0.550,1.030,-0.100,-0.195,-0.120,0.000,0.000
2016,-0.737,-0.385,-0.060,0.855,1.810,0.505,-3.400,-1.050,1.545,0.900,2.280,1.075,2.415,1.265,1.220,0.905,2.310,1.260,1.020,1.650,0.490,0.315,1.430,0.840,1.285,-0.230,-1.445,-0.120,-0.610,-0.170,-2.480,-0.910,-0.100,-0.085,0.000,0.005
2017,0.641,0.638,0.300,0.000,-0.170,0.055,0.100,0.600,1.145,1.330,0.170,0.400,-0.255,0.125,-0.125,0.015,-0.250,0.125,-0.040,0.330,0.370,1.055,-0.285,0.205,0.200,-1.245,0.885,-0.155,0.420,-1.235,0.290,-0.320,-0.210,-0.150,-0.005,-0.005
2018,-0.084,-0.198,0.445,0.060,-0.905,-1.140,0.500,1.600,-1.045,-1.190,-1.040,-0.775,-0.880,-0.655,-0.395,-0.100,-0.885,-0.600,0.145,-0.770,1.255,-0.090,-0.415,0.255,0.415,0.085,-1.510,2.260,0.435,-0.245,-1.860,-0.615,-0.365,-0.425,-0.010,-0.010
2019,0.218,0.931,1.135,1.390,-0.655,-0.445,-1.200,-0.150,0.675,0.210,0.595,0.595,0.680,0.715,0.735,0.580,0.735,0.685,-0.530,-0.155,0.035,0.625,-0.895,-0.010,1.570,-0.210,0.585,-0.165,-0.245,0.580,0.385,0.280,-0.200,-0.410,0.000,-0.015
2020,2.918,1.784,-1.195,0.990,-0.510,-1.895,0.100,0.050,-0.175,0.110,0.160,0.235,0.485,0.420,0.815,0.635,0.490,0.295,-1.445,-1.535,1.015,-0.300,1.560,0.235,1.075,-0.025,0.300,1.195,-1.620,-1.200,-0.115,1.100,-0.055,-0.125,0.005,0.000
2021,-1.837,0.953,-0.755,-0.245,-0.560,-1.250,2.850,0.600,-0.870,-0.845,-0.675,-0.740,-1.000,-0.760,-1.005,-0.540,-0.990,-0.750,-0.850,-1.755,-1.045,-0.665,0.590,0.065,1.605,0.965,-0.255,1.275,0.310,-1.045,-2.410,0.215,-0.125,-0.095,0.000,0.000
2022,1.196,-0.149,-0.195,-0.190,0.615,-0.560,1.300,2.850,-1.345,-1.080,-1.225,-0.825,-0.915,-1.040,-0.370,-0.760,-0.950,-1.025,-2.155,-1.880,1.100,-0.070,-0.600,0.260,-0.915,0.445,0.095,0.660,-1.500,0.120,-0.990,-0.840,0.070,-0.055,0.010,0.000
2023,0.463,-0.346,0.445,-0.140,-0.760,-1.270,2.300,0.350,-0.040,2.055,-0.330,0.385,-0.590,0.015,-0.605,-0.060,-0.555,0.005,-1.445,-2.760,0.775,-1.200,-0.905,0.170,2.245,0.205,0.465,0.885,0.015,-0.365,-1.000,0.100,-0.055,-0.080,0.000,0.000
2024,0.213,-0.072,-0.215,0.070,-0.130,-0.365,-0.750,0.150,1.205,0.020,1.685,0.665,1.665,0.950,1.400,0.955,1.630,0.925,-1.450,-1.815,0.260,-0.810,2.140,2.255,1.115,0.850,0.170,0.170,-0.880,0.065,-1.375,0.330,-0.070,-0.025,0.005,0.010
2025,-0.467,0.412,0.115,0.030,1.145,-0.735,0.600,1.700,0.135,0.750,-0.135,0.250,-0.585,-0.075,-0.555,-0.295,-0.485,-0.190,-1.340,-1.150,0.120,-0.020,1.675,0.625,0.670,-0.030,-0.540,0.340,0.330,-0.530,-1.340,-0.360,-0.160,-0.070,0.000,0.000
